{"cameraMode":{"drawMode":0,"name":"Shaded","section":"Shading Mode"},"sceneLighting":false,"audioPlay":false,"sceneViewState":{"m_AlwaysRefresh":false,"showFog":true,"showSkybox":false,"showFlares":true,"showImageEffects":true,"showParticleSystems":true,"showVisualEffectGraphs":true,"m_FxEnabled":true},"in2DMode":false,"pivot":{"x":-0.02016739547252655,"y":-0.0053627220913767818,"z":-0.059956565499305728},"rotation":{"x":-0.06531790643930435,"y":0.14835752546787263,"z":0.008959303610026837,"w":0.986283004283905},"size":0.010527968406677246,"orthographic":false}