{"cameraMode":{"drawMode":0,"name":"Shaded","section":"Shading Mode"},"sceneLighting":false,"audioPlay":false,"sceneViewState":{"m_AlwaysRefresh":false,"showFog":true,"showSkybox":false,"showFlares":true,"showImageEffects":true,"showParticleSystems":true,"showVisualEffectGraphs":true,"m_FxEnabled":true},"in2DMode":false,"pivot":{"x":0.008015912026166916,"y":0.005754897836595774,"z":0.10188691318035126},"rotation":{"x":0.17007838189601899,"y":-0.2608327567577362,"z":0.046738434582948688,"w":0.9491404891014099},"size":0.43138179183006289,"orthographic":false}