{"cameraMode":{"drawMode":0,"name":"Shaded","section":"Shading Mode"},"sceneLighting":false,"audioPlay":false,"sceneViewState":{"m_AlwaysRefresh":false,"showFog":true,"showSkybox":false,"showFlares":true,"showImageEffects":true,"showParticleSystems":true,"showVisualEffectGraphs":true,"m_FxEnabled":true},"in2DMode":false,"pivot":{"x":-0.041296303272247317,"y":0.21544168889522553,"z":0.00022712908685207367},"rotation":{"x":0.07017604261636734,"y":0.7318195700645447,"z":-0.07624487578868866,"w":0.6735841631889343},"size":0.21419261395931245,"orthographic":false}