{"cameraMode":{"drawMode":0,"name":"Shaded","section":"Shading Mode"},"sceneLighting":false,"audioPlay":false,"sceneViewState":{"m_AlwaysRefresh":false,"showFog":true,"showSkybox":false,"showFlares":true,"showImageEffects":true,"showParticleSystems":true,"showVisualEffectGraphs":true,"m_FxEnabled":true},"in2DMode":false,"pivot":{"x":-0.271480917930603,"y":0.2563856840133667,"z":-0.027142105624079706},"rotation":{"x":0.0016113583697006107,"y":-0.72124844789505,"z":0.0005330254207365215,"w":0.6919463276863098},"size":0.17752552032470704,"orthographic":false}