{"cameraMode":{"drawMode":0,"name":"Shaded","section":"Shading Mode"},"sceneLighting":false,"audioPlay":false,"sceneViewState":{"m_AlwaysRefresh":false,"showFog":true,"showSkybox":false,"showFlares":true,"showImageEffects":true,"showParticleSystems":true,"showVisualEffectGraphs":true,"m_FxEnabled":true},"in2DMode":false,"pivot":{"x":0.14166176319122315,"y":-0.2219293862581253,"z":0.035632066428661349},"rotation":{"x":0.38412773609161379,"y":0.15709953010082246,"z":-0.06603458523750305,"w":0.9070940613746643},"size":0.40323689579963686,"orthographic":false}