{"cameraMode":{"drawMode":0,"name":"Shaded","section":"Shading Mode"},"sceneLighting":false,"audioPlay":false,"sceneViewState":{"m_AlwaysRefresh":false,"showFog":true,"showSkybox":false,"showFlares":true,"showImageEffects":true,"showParticleSystems":true,"showVisualEffectGraphs":true,"m_FxEnabled":true},"in2DMode":false,"pivot":{"x":-0.11655789613723755,"y":0.06594677269458771,"z":-0.21840238571166993},"rotation":{"x":-0.014314408414065838,"y":0.9834012389183044,"z":-0.09323839098215103,"w":-0.15318550169467927},"size":0.43138182163238528,"orthographic":false}